_id,index,title,slug,image,count
663b2999642f72069a88a55c,0,A Bird on the Wing,a-bird-on-the-wing-01-11,uploads/series-a-bird-on-the-wing.jpg,11
663b2999642f72069a88a55e,1,A Sudden Clash of Thunder,a-sudden-clash-of-thunder-01-10,uploads/series-a-sudden-clash-of-thunder.jpg,10
663b2999642f72069a88a556,2,Ah This,ah-this-01-08,uploads/series-ah-this.jpg,8
663b2999642f72069a88a558,3,Ancient Music In The Pines,ancient-music-in-the-pines-01-09,uploads/series-ancient-music-in-the-pines.jpg,9
663b2999642f72069a88a55a,4,And the Flowers Showerd,and-the-flowers-showered-01-11,uploads/series-and-the-flowers-showerd.jpg,11
663b2999642f72069a88a566,5,Be Still and Know,be-still-and-know-01-10,uploads/series-be-still-and-know.jpg,10
663b2999642f72069a88a56a,6,Beyond Enlightenment,beyond-enlightenment-01-32,uploads/series-beyond-enlightenment.jpg,32
663b2999642f72069a88a570,7,Beyond Psychology,beyond-psychology-01-44,uploads/series-beyond-psychology.jpg,44
663b2999642f72069a88a560,8,Bodhidharma The Greatest Zen Master,bodhidharma-the-greatest-zen-master-01-20,uploads/series-bodhidharma-the-greatest-zen-master.jpg,20
663b2999642f72069a88a5a2,11,Christianity and Zen,christianity-and-zen-01-08,uploads/series-christianity-and-zen.jpg,8
663b2999642f72069a88a59c,12,Come Come Yet Again Come,come-come-yet-again-come-01-15,uploads/series-come-come-yet-again-come.jpeg,15
663b2999642f72069a88a58a,1,Come Follow to You Vol 1,come-follow-to-you-vol-01,uploads/come-follow-to-you-vol-01.jpg,10
663b2999642f72069a88a58e,2,Come Follow to You Vol 2,come-follow-to-you-vol-02,uploads/come-follow-to-you-vol-02.jpg,11
663b2999642f72069a88a592,3,Come Follow to You Vol 3,come-follow-to-you-vol-03,uploads/come-follow-to-you-vol-03.jpg,10
663b2999642f72069a88a596,4,Come Follow to You Vol 4,come-follow-to-you-vol-04,uploads/come-follow-to-you-vol-04.jpg,11
663b2999642f72069a88a5a4,17,Communism And Zen Fire Zen Wind,communism-and-zen-fire-zen-wind-01-07,uploads/series-communism-and-zen-fire-zen-wind.jpg,7
663b2999642f72069a88a5a6,18,Dang Dang Doko Dang,dang-dang-doko-dang-01-10,uploads/series-dang-dang-doko-dang.jpg,10
663b2999642f72069a88a5aa,19,Dogen The Zen Master-A Search and A Fulfilment,dogen-the-zen-master-a-search-and-a-fulfilment-01-08,uploads/series-dogen-the-zen-master-a-search-and-a-fulfilment.jpg,8
663b2999642f72069a88a5f8,20,Ecstasy Forgotten Language,ecstasy-forgotten-language-01-10,uploads/series-ecstasy-forgotten-language.jpg,10
663b2999642f72069a88a5fe,21,Fish In the Sea Is Not Thirsty,fish-in-the-sea-is-not-thirsty-01-15,uploads/series-fish-in-the-sea-is-not-thirsty.jpeg,15
663b2999642f72069a88a606,10,From Bondage to Freedom,from-bondage-to-freedom-01-43,uploads/series-from-bondage-to-freedom.jpg,43
663b2999642f72069a88a60c,048,From Darkness to Light,from-darkness-to-light-series,uploads/from-darkness-to-light-series.jpg,30
663b2999642f72069a88a612,049,From Death to Deathlessness,from-death-to-deathlessness-series,uploads/from-death-to-deathlessness-series.jpg,40
663b2999642f72069a88a618,050,From Ignorance to Innocence,from-ignorance-to-innocence-series,uploads/from-ignorance-to-innocence-series.jpg,30
663b2999642f72069a88a622,051,From Misery to Enlightenment,from-misery-to-enlightenment-series,uploads/from-misery-to-enlightenment-series.jpg,30
663b2999642f72069a88a628,052,From Personality to Individuality,from-personality-to-individuality-series,uploads/from-personality-to-individuality-series.jpg,30
663b2999642f72069a88a638,054,From Unconscious to Consciousness,from-unconscious-to-consciousness-series,uploads/no_image.png,30
663b2999642f72069a88a632,053,From the False to the Truth,from-the-false-to-the-truth-series,uploads/from-the-false-to-the-truth-series.jpg,34
663b299a642f72069a88a652,058,God is Dead Zen is the Only Living Truth,god-is-dead-zen-is-the-only-living-truth-series,uploads/god-is-dead-zen-is-the-only-living-truth-series.jpg,7
663b299a642f72069a88a65a,062,Guida Spirituale,guida-spirituale-series,uploads/guida-spirituale-series.jpg,16
663b299a642f72069a88a676,068,Hari Om Tat Sat,hari-om-tat-sat-series,uploads/hari-om-tat-sat-series.jpg,30
663b299a642f72069a88a66c,066,Hyakujo The Everest of Zen with Basho's Haikus,hyakujo-the-everest-of-zen-with-bashos-haikus-series,uploads/hyakujo-the-everest-of-zen-with-basho's-haikus-series.jpg,9
663b299a642f72069a88a678,069,I Am That,i-am-that-series,uploads/i-am-that-series.jpg,16
663b299a642f72069a88a67c,071,I Celebrate Myself,i-celebrate-myself-series,uploads/i-celebrate-myself-series.jpg,7
663b299a642f72069a88a682,074,I Say Unto You,i-say-unto-you-series,uploads/i-say-unto-you-series.jpg,19
663b299a642f72069a88a67e,072,Isan No Footprints In the Blue Sky,isan-no-footprints-in-the-blue-sky-series,uploads/isan-no-footprints-in-the-blue-sky-series.jpg,8
663b299a642f72069a88a688,077,Jesus Crucified Again,jesus-crucified-again-series,uploads/jesus-crucified-again-series.jpg,1
663b299a642f72069a88a686,076,Joshu The Lion's Roar,joshu-the-lions-roar-series,uploads/joshu-the-lion's-roar-series.jpg,8
663b299a642f72069a88a726,156,Journey to the Heart: Sufism,journey-to-the-heart-sufism-series,uploads/journey-to-the-heart-sufism-series.jpg,10
663b299a642f72069a88a684,075,Just Like That,just-like-that-series,uploads/just-like-that-series.jpg,10
663b299a642f72069a88a68a,078,Kyozan A True Man of Zen,kyozan-a-true-man-of-zen-series,uploads/kyozan-a-true-man-of-zen-series.jpg,4
663b299a642f72069a88a690,081,Light on the Path 01-38,light-on-the-path-by-osho-01-38,uploads/pics_1713897522194_no_image.png,35
663b299a642f72069a88a68e,080,Live Zen,live-zen-series,uploads/live-zen-series.jpg,16
663b299a642f72069a88a6a0,089,Ma Tzu The Empty Mirror,ma-tzu-the-empty-mirror-series,uploads/ma-tzu-the-empty-mirror-series.jpg,10
663b299a642f72069a88a69e,088,My Way Way of White Clouds,my-way-way-of-white-clouds-series,uploads/my-way-way-of-white-clouds-series.jpg,15
663b299a642f72069a88a6aa,094,Nansen Point of Departure,nansen-point-of-departure-series,uploads/nansen-point-of-departure-series.jpg,10
663b299a642f72069a88a6a8,093,New Alchemy To Turn You On,new-alchemy-to-turn-you-on-series,uploads/new-alchemy-to-turn-you-on-series.jpg,34
663b299a642f72069a88a6ac,095,Nirvana The Last Nightmare,nirvana-the-last-nightmare-series,uploads/nirvana-the-last-nightmare-series.jpg,10
663b299a642f72069a88a6ae,096,No Mind The Flowers of Eternity,no-mind-the-flowers-of-eternity-series,uploads/no-mind-the-flowers-of-eternity-series.jpg,12
663b299a642f72069a88a6b0,097,No Water No Moon,no-water-no-moon-series,uploads/no-water-no-moon-series.jpg,10
663b299a642f72069a88a6ba,102,Om Mani Padme Hum,om-mani-padme-hum-series,uploads/om-mani-padme-hum-series.jpg,30
663b299a642f72069a88a6bc,103,Om Shantih Shantih Shantih,om-shantih-shantih-shantih-series,uploads/om-shantih-shantih-shantih-series.jpg,27
663b299a642f72069a88a6b6,100,One Seed Makes The Whole Earth Green,one-seed-makes-the-whole-earth-green-series,uploads/one-seed-makes-the-whole-earth-green-series.jpg,4
663b299a642f72069a88a6b4,099,Osho Upanishad,osho-upanishad-series,uploads/osho-upanishad-series.jpg,44
663b299a642f72069a88a6c4,107,Philosophia Perennisia,philosophia-perennisia-series,uploads/philosophia-perennisia-series.jpg,21
663b299a642f72069a88a6c2,106,Philosophia Ultima,philosophia-ultima-series,uploads/philosophia-ultima-series.jpg,16
663b299a642f72069a88a6be,104,Press Conference 01-11,press-conference-01-11,uploads/pics_1713897522194_no_image.png,8
663b299a642f72069a88a6d2,114,Rebellious Spirit,rebellious-spirit-series,uploads/rebellious-spirit-series.jpg,30
663b299a642f72069a88a6d6,116,Returning to the Source,returning-to-the-source-series,uploads/returning-to-the-source-series.jpg,10
663b299a642f72069a88a6d8,117,Rinzai Master of the Irrational,rinzai-master-of-the-irrational-series,uploads/rinzai-master-of-the-irrational-series.jpg,8
663b299a642f72069a88a6f0,129,Sat Chit Anand,sat-chit-anand-series,uploads/sat-chit-anand-series.jpg,30
663b299a642f72069a88a6f2,130,Satyam Shivam Sundaram,satyam-shivam-sundaram-series,uploads/satyam-shivam-sundaram-series.jpg,30
663b299a642f72069a88a6de,120,Sermons in Stones,sermons-in-stones-series,uploads/sermons-in-stones-series.jpg,30
663b299a642f72069a88a6e0,121,Socrates Poisoned Again After Twenty Five Centuries,socrates-poisoned-again-after-twenty-five-centuries-series,uploads/socrates-poisoned-again-after-twenty-five-centuries-series.jpg,27
663b299a642f72069a88a6ea,126,Sufis People of the Path,sufis-people-of-the-path-series,uploads/sufis-people-of-the-path-series.jpg,31
663b299a642f72069a88a6dc,119,Sun Rises in the Evening,sun-rises-in-the-evening-series,uploads/sun-rises-in-the-evening-series.jpg,10
663b299a642f72069a88a656,060,Ta Hui Great Zen Master,ta-hui-great-zen-master-series,uploads/ta-hui-great-zen-master-series.jpg,38
663b299a642f72069a88a714,147,Take it Easy,take-it-easy-series,uploads/take-it-easy-series.jpg,27
663b299a642f72069a88a6f6,132,Tantra The Supreme Understanding,tantra-the-supreme-understanding-series,uploads/tantra-the-supreme-understanding-series.jpg,10
663b299a642f72069a88a6f8,133,Tantra Vision Vol 1 Tantra Experience,tantra-vision-vol-1-tantra-experience-series,uploads/tantra-vision-vol-1-tantra-experience-series.jpg,10
663b299a642f72069a88a6fa,134,Tantra Vision Vol 2 Tantric Transformation,tantra-vision-vol-2-tantric-transformation-series,uploads/tantra-vision-vol-2-tantric-transformation-series.jpg,10
663b299a642f72069a88a700,137,Tao The Pathless Path,tao-the-pathless-path-series,uploads/tao-the-pathless-path-series.jpg,28
663b299a642f72069a88a704,139,Tao Vol 1: Absolute Tao The Three Treasures,tao-vol-1-absolute-tao-the-three-treasures-series,uploads/tao-vol-1-absolute-tao-the-three-treasures-series.jpg,10
663b299a642f72069a88a706,140,Tao Vol 2: Living Tao The Three Treasures,tao-vol-2-living-tao-the-three-treasures-series,uploads/tao-vol-2-living-tao-the-three-treasures-series.jpg,10
663b299a642f72069a88a708,141,Tao Vol 3: Undone The Three Treasures,tao-vol-3-undone-the-three-treasures-series,uploads/tao-vol-3-undone-the-three-treasures-series.jpg,10
663b299a642f72069a88a70a,142,Tao Vol 4: Talking The Three Treasures,tao-vol-4-talking-the-three-treasures-series,uploads/tao-vol-4-talking-the-three-treasures-series.jpg,9
663b299a642f72069a88a712,146,That Art Thou,that-art-thou-series,uploads/that-art-thou-series.jpg,50
663b2999642f72069a88a554,001,The Art of Dying,the-art-of-dying-series,uploads/the-art-of-dying-series.jpg,10
663b2999642f72069a88a57a,012,The Beloved,the-beloved-series,uploads/the-beloved-series.jpg,20
663b299a642f72069a88a668,065,The Book of Nothing Hsin Hsin Ming,the-book-of-nothing-hsin-hsin-ming-series,uploads/the-book-of-nothing-hsin-hsin-ming-series.jpg,10
663b2999642f72069a88a586,015,The Book of Wisdom Buddha,the-book-of-wisdom-buddha-series,uploads/the-book-of-wisdom-buddha-series.jpg,28
663b2999642f72069a88a562,008,The Buddha The Emptiness of The Heart,the-buddha-the-emptiness-of-the-heart-series,uploads/the-buddha-the-emptiness-of-the-heart-series.jpg,8
663b2999642f72069a88a5b2,026,The Dhammapada Way of Buddha Vol 1,the-dhammapada-way-of-buddha-vol-1-series,uploads/the-dhammapada-way-of-buddha-vol-1-series.jpg,10
663b2999642f72069a88a5d4,035,The Dhammapada Way of Buddha Vol 10,the-dhammapada-way-of-buddha-vol-10-series,uploads/the-dhammapada-way-of-buddha-vol-10-series.jpg,13
663b2999642f72069a88a5da,036,The Dhammapada Way of Buddha Vol 11,the-dhammapada-way-of-buddha-vol-11-series,uploads/the-dhammapada-way-of-buddha-vol-11-series.jpg,10
663b2999642f72069a88a5e0,037,The Dhammapada Way of Buddha Vol 12,the-dhammapada-way-of-buddha-vol-12-series,uploads/the-dhammapada-way-of-buddha-vol-12-series.jpg,10
663b2999642f72069a88a5b4,027,The Dhammapada Way of Buddha Vol 2,the-dhammapada-way-of-buddha-vol-2-series,uploads/the-dhammapada-way-of-buddha-vol-2-series.jpg,10
663b2999642f72069a88a5b8,028,The Dhammapada Way of Buddha Vol 3,the-dhammapada-way-of-buddha-vol-3-series,uploads/the-dhammapada-way-of-buddha-vol-3-series.jpg,10
663b2999642f72069a88a5bc,029,The Dhammapada Way of Buddha Vol 4,the-dhammapada-way-of-buddha-vol-4-series,uploads/the-dhammapada-way-of-buddha-vol-4-series.jpg,10
663b2999642f72069a88a5c2,030,The Dhammapada Way of Buddha Vol 5,the-dhammapada-way-of-buddha-vol-5-series,uploads/the-dhammapada-way-of-buddha-vol-5-series.jpg,10
663b2999642f72069a88a5c6,031,The Dhammapada Way of Buddha Vol 6,the-dhammapada-way-of-buddha-vol-6-series,uploads/the-dhammapada-way-of-buddha-vol-6-series.jpg,10
663b2999642f72069a88a5ca,032,The Dhammapada Way of Buddha Vol 7,the-dhammapada-way-of-buddha-vol-7-series,uploads/the-dhammapada-way-of-buddha-vol-7-series.jpg,10
663b2999642f72069a88a5cc,033,The Dhammapada Way of Buddha Vol 8,the-dhammapada-way-of-buddha-vol-8-series,uploads/the-dhammapada-way-of-buddha-vol-8-series.jpg,13
663b2999642f72069a88a5d0,034,The Dhammapada Way of Buddha Vol 9,the-dhammapada-way-of-buddha-vol-9-series,uploads/the-dhammapada-way-of-buddha-vol-9-series.jpg,10
663b2999642f72069a88a5e2,038,The Diamond Sutra,the-diamond-sutra-series,uploads/the-diamond-sutra-series.jpg,11
663b2999642f72069a88a5e8,039,The Discipline of Transcendence Vol 1,the-discipline-of-transcendence-vol-1-series,uploads/the-discipline-of-transcendence-vol-1-series.jpg,10
663b2999642f72069a88a5ec,040,The Discipline of Transcendence Vol 2,the-discipline-of-transcendence-vol-2-series,uploads/the-discipline-of-transcendence-vol-2-series.jpg,11
663b2999642f72069a88a5f0,041,The Discipline of Transcendence Vol 3,the-discipline-of-transcendence-vol-3-series,uploads/the-discipline-of-transcendence-vol-3-series.jpg,10
663b2999642f72069a88a5f4,042,The Discipline of Transcendence Vol 4,the-discipline-of-transcendence-vol-4-series,uploads/the-discipline-of-transcendence-vol-4-series.jpg,11
663b2999642f72069a88a5ae,025,The Divine Melody,the-divine-melody-series,uploads/the-divine-melody-series.jpg,10
663b2999642f72069a88a5fc,044,The Empty Boat,the-empty-boat-series,uploads/the-empty-boat-series.jpg,10
663b2999642f72069a88a602,046,The First Principle,the-first-principle-series,uploads/the-first-principle-series.jpg,10
663b299a642f72069a88a650,057,The Golden Future,the-golden-future-series,uploads/the-golden-future-series.jpg,40
663b299a642f72069a88a6fe,136,The Golden Gate,the-golden-gate-series,uploads/the-golden-gate-series.jpg,20
663b2999642f72069a88a63e,055,The Goose Is Out,the-goose-is-out-series,uploads/the-goose-is-out-series.jpg,10
663b299a642f72069a88a654,059,The Grass Grows By Itself,the-grass-grows-by-itself-series,uploads/the-grass-grows-by-itself-series.jpg,8
663b2999642f72069a88a642,056,The Great Pilgrimage,the-great-pilgrimage-series,uploads/the-great-pilgrimage-series.jpg,28
663b299a642f72069a88a658,061,The Guest,the-guest-series,uploads/the-guest-series.jpg,15
663b299a642f72069a88a664,064,The Heart Sutra,the-heart-sutra-series,uploads/the-heart-sutra-series.jpg,10
663b299a642f72069a88a660,063,The Hidden Harmony,the-hidden-harmony-series,uploads/the-hidden-harmony-series.jpg,11
663b299a642f72069a88a670,067,The Hidden Splendor,the-hidden-splendor-series,uploads/the-hidden-splendor-series.jpg,27
663b299a642f72069a88a67a,070,The Invitation,the-invitation-series,uploads/the-invitation-series.jpg,30
663b299a642f72069a88a68c,079,The Language of Existence,the-language-of-existence-series,uploads/the-language-of-existence-series.jpg,9
663b299a642f72069a88a692,082,The Last Testament Vol 1,the-last-testament-vol-1-series,uploads/the-last-testament-vol-1-series.jpg,30
663b299a642f72069a88a694,083,The Last Testament Vol 2,the-last-testament-vol-2-series,uploads/the-last-testament-vol-2-series.jpg,30
663b299a642f72069a88a696,084,The Last Testament Vol 3,the-last-testament-vol-3-series,uploads/the-last-testament-vol-3-series.jpg,30
663b299a642f72069a88a698,085,The Last Testament Vol 4,the-last-testament-vol-4-series,uploads/the-last-testament-vol-4-series.jpg,27
663b299a642f72069a88a69a,086,The Last Testament Vol 5,the-last-testament-vol-5-series,uploads/the-last-testament-vol-5-series.jpg,28
663b299a642f72069a88a69c,087,The Last Testament Vol 6,the-last-testament-vol-6-series,uploads/the-last-testament-vol-6-series.jpg,13
663b299a642f72069a88a6a2,090,The Miracle,the-miracle-series,uploads/the-miracle-series.jpg,10
663b299a642f72069a88a6e4,123,The Mustard Seed Jesus,the-mustard-seed-jesus-series,uploads/the-mustard-seed-jesus-series.jpg,21
663b299a642f72069a88a6b2,098,The New Dawn,the-new-dawn-series,uploads/the-new-dawn-series.jpg,33
663b299a642f72069a88a6b8,101,The Original Man,the-original-man-series,uploads/the-original-man-series.jpg,9
663b299a642f72069a88a6cc,111,The Path of Love,the-path-of-love-series,uploads/the-path-of-love-series.jpg,10
663b299a642f72069a88a75e,184,The Path of Paradox,the-path-of-paradox-series,uploads/the-path-of-paradox-series.jpg,30
663b299a642f72069a88a6c0,105,The Path of the Mystic,the-path-of-the-mystic-series,uploads/the-path-of-the-mystic-series.jpg,44
663b299a642f72069a88a6c8,109,The Perfect Master,the-perfect-master-series,uploads/the-perfect-master-series.jpg,20
663b299a642f72069a88a6a6,092,The Prophet,the-prophet-series,uploads/the-prophet-series.jpg,47
69bdc492864f47e22f582ac3,013,The Psychology of the Esoteric,the-psychology-of-the-esoteric-series,uploads/the-psychology-of-the-esoteric-series.jpg,7
663b299a642f72069a88a6d4,115,The Razors Edge,the-razors-edge-series,uploads/the-razors-edge-series.jpg,30
663b299a642f72069a88a6d0,113,The Rebel,the-rebel-series,uploads/the-rebel-series.jpg,35
663b299a642f72069a88a6ce,112,The Revolution Kabir,the-revolution-kabir-series,uploads/the-revolution-kabir-series.jpg,10
663b299a642f72069a88a6da,118,The Search,the-search-series,uploads/the-search-series.jpg,9
663b299a642f72069a88a6e6,124,The Secret,the-secret-series,uploads/the-secret-series.jpg,21
663b299a642f72069a88a6ee,128,The Secret of Secrets,the-secret-of-secrets-series,uploads/the-secret-of-secrets-series.jpg,31
663b299a642f72069a88a6f4,131,The Supreme Doctrine,the-supreme-doctrine-series,uploads/the-supreme-doctrine-series.jpg,16
663b299a642f72069a88a6e2,122,The Sword and the Lotus,the-sword-and-the-lotus-series,uploads/the-sword-and-the-lotus-series.jpg,24
663b299a642f72069a88a710,145,The Transmission of the Lamp,the-transmission-of-the-lamp-series,uploads/the-transmission-of-the-lamp-series.jpg,46
663b299a642f72069a88a70e,144,The True Sage,the-true-sage-series,uploads/the-true-sage-series.jpg,10
663b299a642f72069a88a720,153,The Ultimate Alchemy,the-ultimate-alchemy-series,uploads/the-ultimate-alchemy-series.jpg,34
663b299a642f72069a88a734,163,The White Lotus,the-white-lotus-series,uploads/the-white-lotus-series.jpg,11
663b299a642f72069a88a730,161,The Wild Geese and the Water,the-wild-geese-and-the-water-series,uploads/the-wild-geese-and-the-water-series.jpg,14
663b299a642f72069a88a70c,143,Theologia Mystica,theologia-mystica-series,uploads/theologia-mystica-series.jpg,15
663b299a642f72069a88a71a,150,This This A Thousand Times This,this-this-a-thousand-times-this-series,uploads/this-this-a-thousand-times-this-series.jpg,15
663b299a642f72069a88a718,149,This Very Body the Buddha,this-very-body-the-buddha-series,uploads/this-very-body-the-buddha-series.jpg,10
663b299a642f72069a88a71c,151,Turning In,turning-in-series,uploads/turning-in-series.jpg,8
663b299a642f72069a88a724,155,Unio Mystica,unio-mystica-series,uploads/unio-mystica-series.jpg,20
663b299a642f72069a88a72c,159,Vedanta Seven Steps to Samadhi,vedanta-seven-steps-to-samadhi-series,uploads/vedanta-seven-steps-to-samadhi-series.jpg,17
663b299a642f72069a88a728,5,Vigyan Bhairav Tantra Vol 1,vigyan-bhairav-tantra-vol-01,uploads/vigyan-bhairav-tantra-vol-01.jpg,40
663b299a642f72069a88a72a,6,Vigyan Bhairav Tantra Vol 2,vigyan-bhairav-tantra-vol-02,uploads/vigyan-bhairav-tantra-vol-02.jpg,40
663b299a642f72069a88a72e,160,Walk Without Feet Fly Without Wings,walk-without-feet-fly-without-wings-series,uploads/walk-without-feet-fly-without-wings-series.jpg,10
663b299a642f72069a88a732,162,Walking in Zen Sitting in Zen,walking-in-zen-sitting-in-zen-series,uploads/walking-in-zen-sitting-in-zen-series.jpg,16
663b299a642f72069a88a73a,166,When the Shoe Fits,when-the-shoe-fits-series,uploads/when-the-shoe-fits-series.jpg,10
663b299a642f72069a88a738,165,Wisdom of The Sands,wisdom-of-the-sands-series,uploads/wisdom-of-the-sands-series.jpg,18
663b299a642f72069a88a750,177,Yaa hoo! The Mystic Rose,yaa-hoo-the-mystic-rose-series,uploads/yaa-hoo!-the-mystic-rose-series.jpg,30
663b299a642f72069a88a752,178,Yakusan Straight to the Point of Enlightenment,yakusan-straight-to-the-point-of-enlightenment-series,uploads/yakusan-straight-to-the-point-of-enlightenment-series.jpg,5
663b299a642f72069a88a74e,176,Yoga Vol 10: The Supreme Science,yoga-vol-10-the-supreme-science-series,uploads/yoga-vol-10-the-supreme-science-series.jpg,10
663b299a642f72069a88a73c,167,Yoga Vol 1: The Path of Yoga,yoga-vol-1-the-path-of-yoga-series,uploads/yoga-vol-1-the-path-of-yoga-series.jpg,9
663b299a642f72069a88a73e,168,Yoga Vol 2: The Science of Soul,yoga-vol-2-the-science-of-soul-series,uploads/yoga-vol-2-the-science-of-soul-series.jpg,10
663b299a642f72069a88a740,169,Yoga Vol 3: The Mystery Beyond Mind,yoga-vol-3-the-mystery-beyond-mind-series,uploads/yoga-vol-3-the-mystery-beyond-mind-series.jpg,10
663b299a642f72069a88a742,170,Yoga Vol 4: The Alchemy of Yoga,yoga-vol-4-the-alchemy-of-yoga-series,uploads/yoga-vol-4-the-alchemy-of-yoga-series.jpg,10
663b299a642f72069a88a744,171,Yoga Vol 5: A New Direction,yoga-vol-5-a-new-direction-series,uploads/yoga-vol-5-a-new-direction-series.jpg,10
663b299a642f72069a88a746,172,Yoga Vol 6: The Essence of Yoga,yoga-vol-6-the-essence-of-yoga-series,uploads/yoga-vol-6-the-essence-of-yoga-series.jpg,10
663b299a642f72069a88a748,173,Yoga Vol 7: The Science of Living,yoga-vol-7-the-science-of-living-series,uploads/yoga-vol-7-the-science-of-living-series.jpg,10
663b299a642f72069a88a74a,174,Yoga Vol 8: The Secret of Yoga,yoga-vol-8-the-secret-of-yoga-series,uploads/yoga-vol-8-the-secret-of-yoga-series.jpg,10
663b299a642f72069a88a74c,175,Yoga Vol 9: The Path of Liberation,yoga-vol-9-the-path-of-liberation-series,uploads/yoga-vol-9-the-path-of-liberation-series.jpg,10
663b299a642f72069a88a768,189,Zarathustra A God Can Dance,zarathustra-a-god-can-dance-series,uploads/zarathustra-a-god-can-dance-series.jpg,23
663b299a642f72069a88a76a,190,Zarathustra The Laughing Prophet,zarathustra-the-laughing-prophet-series,uploads/zarathustra-the-laughing-prophet-series.jpg,23
663b299a642f72069a88a754,179,Zen Manifesto Freedom From Oneself,zen-manifesto-freedom-from-oneself-series,uploads/zen-manifesto-freedom-from-oneself-series.jpg,11
663b299a642f72069a88a758,181,Zen Mystery and the Poetry of the Beyond,zen-mystery-and-the-poetry-of-the-beyond-series,uploads/zen-mystery-and-the-poetry-of-the-beyond-series.jpg,5
663b299a642f72069a88a756,180,Zen The Diamond Thunderbolt,zen-the-diamond-thunderbolt-series,uploads/zen-the-diamond-thunderbolt-series.jpg,13
663b299a642f72069a88a760,185,Zen The Quantum Leap From Mind to No Mind,zen-the-quantum-leap-from-mind-to-no-mind-series,uploads/zen-the-quantum-leap-from-mind-to-no-mind-series.jpg,15
663b299a642f72069a88a762,186,Zen The Solitary Bird Cockoo of the Forest,zen-the-solitary-bird-cockoo-of-the-forest-series,uploads/zen-the-solitary-bird-cockoo-of-the-forest-series.jpg,15
663b299a642f72069a88a764,187,Zen The Special Transmission,zen-the-special-transmission-series,uploads/zen-the-special-transmission-series.jpg,10
663b299a642f72069a88a766,188,Zen Zest Zip Zap and Zing,zen-zest-zip-zap-and-zing-series,uploads/zen-zest-zip-zap-and-zing-series.jpg,15
